AirlineName,Reviews,Slug
AB Aviation,3,ab-aviation
Adria Airways,91,adria-airways
Aegean Airlines,715,aegean-airlines
Aer Lingus,930,aer-lingus
Aero VIP,3,aero-vip
Aerocaribbean,3,aerocaribbean
Aeroflot Russian Airlines,592,aeroflot-russian-airlines
AeroItalia,1,aeroitalia
Aerolineas Argentinas,239,aerolineas-argentinas
Aeromar,9,aeromar
Aeromexico,655,aeromexico
Aerosur,11,aerosur
Africa World Airlines,9,africa-world-airlines
Afriqiyah Airways,29,afriqiyah-airways
Aigle Azur,14,aigle-azur
Air Algerie,47,air-algerie
Air Antilles,3,air-antilles
Air Arabia,146,air-arabia
Air Astana,238,air-astana
Air Austral,46,air-austral
Air Bagan,16,air-bagan
Air Berlin,483,air-berlin
Air Botswana,23,air-botswana
Air Burkina,2,air-burkina
Air Busan,20,air-busan
Air Cairo,13,air-cairo
Air Canada,2136,air-canada
Air Canada rouge,1206,air-canada-rouge
Air Caraibes,24,air-caraibes
Air China,752,air-china
Air Corsica,10,air-corsica
Air Costa,1,air-costa
Air Cote d'Ivoire,1,air-cote-divoire
Air Djibouti,2,air-djibouti
Air Dolomiti,74,air-dolomiti
Air Europa,466,air-europa
Air France,1241,air-france
Air Greenland,15,air-greenland
Air Iceland Connect,2,air-iceland-connect
Air India,1103,air-india
Air India Express,73,air-india-express
Air Italy,31,air-italy
Air Juan,23,air-juan
Air KBZ,9,air-kbz
Air Koryo,54,air-koryo
Air Labrador,1,air-labrador
Air Macau,25,air-macau
Air Madagascar,28,air-madagascar
Air Malawi,2,air-malawi
Air Malta,174,air-malta
Air Mauritius,188,air-mauritius
Air Mediterranee,5,air-mediterranee
Air Memphis,20,air-memphis
Air Moldova,42,air-moldova
Air Namibia,83,air-namibia
Air New Zealand,801,air-new-zealand
Air Niugini,49,air-niugini
Air North Yukon's Airline,3,air-north-yukons-airline
Air Nostrum,44,air-nostrum
Air Panama,14,air-panama
Air Pegasus,4,air-pegasus
Air Rarotonga,2,air-rarotonga
Air Serbia,243,air-serbia
Air Seychelles,73,air-seychelles
Air Tahiti Nui,109,air-tahiti-nui
Air Tanzania,17,air-tanzania
Air Transat,727,air-transat
Air Vanuatu,55,air-vanuata
Air Zimbabwe,24,air-zimbabwe
AirAsia,872,airasia
AirAsia India,116,airasia-india
AirAsia Philippines,72,airasia-philippines
AirAsia X,378,airasia-x
AirAsia Zest,31,airasia-zest
airBaltic,251,airbaltic
airblue,47,air-blue
Aircalin,40,aircalin
Airlink,40,airlink
Airnorth,26,airnorth
AirSWIFT,2,airswift
Akasa Air,31,akasa-air
Alaska Airlines,938,alaska-airlines
Alitalia,692,alitalia
Allegiant Air,1885,allegiant-air
Alliance Air,19,alliance-air
Alliance Airlines,5,alliance-airlines
Amaszonas,16,amaszonas
American Airlines,5483,american-airlines
American Eagle,159,american-eagle
ANA All Nippon Airways,557,ana-all-nippon-airways
AnadoluJet,21,anadolujet
Andes Líneas Aéreas,4,andes-lineas-aereas
Ariana Afghan Airlines,1,ariana-afghan-airlines
Arik Air,54,arik-air
Arkefly,40,arkefly
Arkia Israeli Airlines,24,arkia-israeli
Armenia Air Company,2,armenia-air-company
Asiana Airlines,496,asiana-airlines
ASKY Airlines,23,asky-airlines
ATA Airlines,2,ata-airlines
Atlantic Airways,10,atlantic-airways
Atlasglobal,75,atlasjet-airlines
Auric Air,1,auric-air
Aurigny Air,61,aurigny-air
Austrian Airlines,695,austrian-airlines
Avelo Airlines,67,avelo-airlines
Avianca,608,avianca
Avianca Brazil,22,avianca-brasil
Avianca Ecuador,30,aerogal-aerolineas-galapagos
Avior Airlines,9,avior-airlines
Azerbaijan Airlines,67,azerbaijan-airlines
Azul Airlines,88,azul-linhas-aereas-brasileiras
Azur Air Germany,2,azur-air-germany
BA CityFlyer,72,ba-cityflyer
Badr Airlines,1,badr-airlines
Bahamasair,56,bahamasair
Bamboo Airways,33,bamboo-airways
Bangkok Airways,401,bangkok-airways
Bassaka Air,9,bassaka-air
Batik Air,106,batik-air
Beijing Capital Airlines,5,beijing-capital-airlines
Belavia,45,belavia
Berjaya Air,12,berjaya-air
BH Air,9,bh-airlines
Bhutan Airlines,6,bhutan-airlines
Biman Bangladesh Airlines,99,biman-bangladesh
Binter Canarias,14,binter-canarias
Blu-express,14,bluexpress
Blue Air,142,blue-air
Blue Islands,48,blue-islands
Blue Panorama Airlines,35,blue-panorama-airlines
Blue1,27,blue1
Bluebird Airways,4,bluebird-airways
bmi Regional,58,bmi-regional
Boliviana de Aviacion,23,boliviana-de-aviacin
BoraJet,1,borajet
Boutique Air,38,boutique-air
Breeze Airways,108,breeze-airways
British Airways,3531,british-airways
Brussels Airlines,525,brussels-airlines
Buddha Air,14,buddha-air
Bulgaria Air,113,bulgaria-air
Buraq Air,1,buraq
Buta Airways,9,buta-airways
Camair-Co,2,camair-co
Cambodia Airways,2,cambodia-airways
Cambodia Angkor Air,85,cambodia-angkor-airlines
Cambodia Bayon Airlines,1,cambodia-bayon-airlines
Canadian North,7,canadian-north
Canaryfly,6,canaryfly
Cape Air,39,cape-air
Caribbean Airlines,101,caribbean-airlines
Carpatair,10,carpatair
Cathay Dragon,62,cathay-dragon
Cathay Pacific Airways,1392,cathay-pacific-airways
Cayman Airways,23,cayman-airways
Cebu Pacific,358,cebu-pacific
CemAir,2,cemair
Central Mountain Air,11,central-mountain-air
China Airlines,449,china-airlines
China Eastern Airlines,664,china-eastern-airlines
China Southern Airlines,1968,china-southern-airlines
China United Airlines,5,china-united-airlines
Citilink,60,citilink
CityJet,100,cityjet
Coastal Aviation,4,coastal-aviation
Cobalt,18,cobalt
Comair,50,comair
Condor Airlines,400,condor-airlines
Conviasa,5,conviasa
Copa Airlines,387,copa-airlines
Corendon Airlines,46,corendon-airlines
Corsair,48,corsair
Croatia Airlines,88,croatia-airlines
CSA Czech Airlines,227,csa-czech-airlines
Cubana Airlines,102,cubana-airlines
Cyprus Airways,10,cyprus-airways
Danish Air Transport,5,danish-air
Darwin Airline,40,darwin
Delta Air Lines,2747,delta-air-lines
Dimonim Air,1,dimonim-air
Dniproavia,8,dniproavia
Dragonair,174,dragonair
Druk Air,19,druk-air
Dynamic International Airways,1,dynamic-international-airways
Eastar Jet,14,eastarjet
Eastern Airlines,2,eastern-airlines
Eastern Airways,61,eastern-airways
Easyfly,7,easyfly
easyJet,1415,easyjet
Edelweiss Air,100,edelweiss-air
Egyptair,441,egyptair
El Al Israel Airlines,282,el-al-israel-airlines
Ellinair,14,ellinair
Emirates,2241,emirates
Eritrean Airlines,6,eritrean-airlines
Ernest Airlines,4,ernest-airlines
Estonian Air,44,estonian-air
Ethiopian Airlines,558,ethiopian-airlines
Etihad Airways,1674,etihad-airways
euroAtlantic Airways,15,euroatlantic-airways
Europe Airpost,1,europe-airpost
Eurowings,413,eurowings
EVA Air,621,eva-air
Evelop Airlines,6,evelop-airlines
EWA Air,1,ewa-air
Far Eastern Air Transport,4,far-eastern
fastjet,33,fastjet
Felix Airways,2,felix-airways
Fiji Airways,294,fiji-airways
Finnair,852,finnair
Firefly,72,firefly
Flair Airlines,797,flair-airlines
Fly540.com,34,fly540-com
flyadeal,19,flyadeal
FlyArystan,6,flyarystan
flybe,4,flybe
flydubai,370,flydubai
Flynas,52,flynas
FLYONE,8,flyone
FlySafair,106,flysafair
FMI Air,2,fmi-air
Freebird Airlines,50,free-bird
French Bee,65,french-bee
Frontier Airlines,3087,frontier-airlines
Garuda Indonesia,870,garuda-indonesia
Georgian Airways,52,georgian-airways
Germania Airline,19,germania-airline
Germanwings,145,germanwings
Go First,177,go-first
GoAir,227,goair
Gol Transportes Aéreos,80,gol
Golden Myanmar Airlines,3,golden-myanmar-airlines
Grand Cru Airlines,1,grand-cru-airlines
Greater Bay Airlines,4,greater-bay-airlines
Gulf Air,361,gulf-air
Hainan Airlines,402,hainan-airlines
Hawaiian Airlines,499,hawaiian-airlines
Helvetic Airways,29,helvetic
Henan Airlines,1,henan-airlines
Hi Fly,22,hi-fly
Himalaya Airlines,1,himalaya-airlines
HiSky,3,hisky
HK Express,87,hong-kong
Hong Kong Airlines,145,hong-kong-airlines
HOP!,13,hop
Horizon Air,25,horizon-air
Hunnu Air,1,hunnu-air
Iberia,847,iberia
Iberia Express,65,iberia-express
Icelandair,662,icelandair
IndiGo,430,indigo-airlines
Insel Air,76,insel-air
Intercaribbean Airways,6,intercaribbean-airways
Interjet,214,interjet
InterSky,8,intersky
Iran Air,66,iran-air
Iran Aseman Airlines,7,iran-aseman
Iraqi Airways,3,iraqi-airways
Island Air,34,island
Israir Airlines,23,israir-airlines
ITA Airways,73,ita-airways
Japan Airlines,391,japan-airlines
Jazeera Airways,49,jazeera-airways
Jazz,5,jazz
JC International Airlines,1,jc-international-airlines
Jeju Air,22,jeju-air
Jet Airways,1060,jet-airways
Jet2.com,564,jet2-com
Jetairfly,22,jetairfly
Jetblue Airways,1463,jetblue-airways
JetSmart,6,jetsmart
Jetstar Airways,1233,jetstar-airways
Jetstar Asia,197,jetstar-asia
Jetstar Japan,38,jetstar-japan
Jetstar Pacific,110,jetstar-pacific
JetsuiteX,1,jetsuitex
Jin Air,19,jin-air
Joon,11,joon
Jordan Aviation,2,jordan-aviation
Juneyao Airlines,38,juneyao-airlines
Kam Air,28,kam-air
Kan Air,2,kan-air
Karthago Airlines,38,karthago-airlines
KD Air,1,kd-air
Kenya Airways,413,kenya-airways
Kish Airlines,3,kish-air
KLM Royal Dutch Airlines,1464,klm-royal-dutch-airlines
Korean Air,551,korean-air
Kulula,85,kulula
Kuwait Airways,301,kuwait-airways
La Compagnie,45,la-compagnie
LAM Mozambique,32,lam-mozambique-airlines
LAN Airlines,332,lan-airlines
LAN Colombia,8,lan-colombia
LAN Peru,42,lan-peru
Lao Airlines,4,lao-airlines-2
Lao Skyway,72,lao-airlines
LATAM Airlines,412,latam-airlines
Laudamotion,34,laudamotion
LC Perú,14,lc-peru
Level,71,level
LIAT,119,liat
Libyan Airlines,16,libyan-airlines
Lion Air,200,lion-air
Loch Lomond Seaplanes,2,loch-lomond-seaplanes
Loganair,31,loganair
LOT Polish Airlines,640,lot-polish-airlines
Lubeck Air,2,lubeck-air
Lucky Air,7,lucky-air
Lufthansa,2197,lufthansa
Luxair,86,luxair
Lynx Air,152,lynx-air
Mack Air,1,mack-air
Madagasikara Airways,2,madagasikara-airways
Mahan Air,30,mahan-air
Malawian Airlines,12,malawian-airlines
Malaysia Airlines,1323,malaysia-airlines
Maldivian,4,maldivian
Malindo Air,350,malindo-air
Malmo Aviation,9,malm-aviation
Mandarin Airlines,4,mandarin-airlines
Mango Airlines,116,mango
Mann Yadanarpon Airlines,2,mann-yadanarpon-airlines
Manta Air,1,manta-air
Martinair,22,martinair
Mauritania Airlines,2,mauritania-airlines
Maya Island Air,2,maya-island-air
MAYAir,1,mayair
MEGA Maldives Airlines,1,mega-maldives-airlines
Meridiana,108,meridiana
MIAT Mongolian Airlines,34,miat-mongolian
Middle East Airlines,102,mea-middle-east-airlines
Mihin Lanka,6,mihin-lanka
Mokulele Airlines,13,mokulele-airlines
Moldavian Airlines,5,moldavian-airlines
Monarch Airlines,452,monarch-airlines
Montenegro Airlines,19,montenegro-airlines
Motor Sich Airlines,3,motor-sich-airlines
Myanmar Airways,27,myanmar-airways
Myanmar National Airlines,11,myanmar-national-airlines
NAM Air,13,nam-air
Nature Air,16,nature-air
Nauru Airlines,2,nauru-airlines
Nepal Airlines,29,nepal-airlines
NextJet,1,nextjet
NIKI,42,niki
Nile Air,1,nile-air
Nok Air,139,nok-air
NokScoot,2,nokscoot
Nordavia,4,nordavia
Nordic Regional Airlines,1,nordic-regional-airlines
Nordica,3,nordica
NordStar,1,nordstar
Nordwind Airlines,2,nordwind-airlines
Norse Atlantic Airways,17,norse-atlantic-airways
Norwegian,1306,norwegian
Nouvelair,13,nouvelair
Novair,1,novair
Novoair,2,novoair
Okay Airways,4,okay-airways
Olympic Air,91,olympic-air
Oman Air,464,oman-air
Omni Air International,11,omni-air-international
Onur Air,133,onur-air
Openskies,65,openskies
Orient Thai Airlines,41,orient-thai
Pacific Airlines,10,pacific-airlines
Pakistan Intl Airlines,160,pia-pakistan-international-airlines
PAL Express,8,pal-express
Pan Pacific Airlines,1,pan-pacific-airlines
Passaredo,3,passaredo-linhas-aereas
Passion Air,3,passion-air
PAWA Dominicana,2,pawa-dominicana
Peach Aviation,60,peach-aviation
Pegasus Airlines,388,pegasus-airlines
PenAir,3,penair
Peruvian Airlines,43,peruvian-airlines
Petroleum Air Services,3,petroleum-air-services
Philippine Airlines,810,philippine-airlines
Phuket Air,40,phuket-air
PLAY,155,play
Pobeda Airlines,38,pobeda-airlines
Porter Airlines,325,porter-airlines
Precision Air,83,precision
Primera Air,7,primera-air
Privilege Style,13,privilege-style
Qantas Airways,1769,qantas-airways
QantasLink,120,qantaslink
Qatar Airways,2185,qatar-airways
Qazaq Air,2,qazaq-air
Ravn Alaska,14,era-alaska
Ravn Alaska,9,ravn-alaska
Red Wings Airlines,4,red-wings-airlines
Regent Airways,22,regent-airways
Regional Express,87,regional-express
Rex Airlines,41,rex-airlines
Rhein-Neckar Air,1,rhein-neckar-air
Rossiya Airlines,44,rossiya-airlines
Royal Air Maroc,320,royal-air-maroc
Royal Brunei Airlines,352,royal-brunei-airlines
Royal Jordanian Airlines,364,royal-jordanian-airlines
Rwandair,89,rwandair
Ryanair,2145,ryanair
S7 Siberia Airlines,66,s7-siberia-airlines
SA Express,45,sa-express
Safarilink,2,safarilink
Safi Airways,10,safi-airways
Salam Air,6,salam-air
Sansa Airlines,4,sansa-airlines
Santa Barbara Airlines,25,santa-barbara
SAS Scandinavian,839,sas-scandinavian-airlines
SATA Air Azores,149,sata-air-azores
SATA International,108,sata-internacional
SATENA,2,satena
Saudi Arabian Airlines,392,saudi-arabian-airlines
SCAT Airlines,4,scat-airlines
Scoot,623,scoot
Seaborne Airlines,15,seaborne-airlines
SereneAir,10,sereneair
Shaheen Air,12,shaheen-air
Shandong Airlines,24,shandong-airlines
Shanghai Airlines,72,shanghai-airlines
Shenzhen Airlines,42,shenzhen-airlines
Sichuan Airlines,49,sichuan-airlines
SilkAir,215,silkair
Silver Airways,163,silver-airways
Singapore Airlines,1432,singapore-airlines
Sky Airline,47,sky-airline
Sky Express Airlines,70,sky-express-airlines
Skybus,3,skybus
Skymark Airlines,17,skymark-airlines
Skytrans Airlines,2,skytrans-airlines
SkyUp Airlines,3,skyup-airlines
SkyWest Airlines,38,skywest-airlines
SkyWork Airlines,2,skywork-airlines
Small Planet Airlines,85,small-planet-airlines-uab
Smartavia,3,smartavia
SmartLynx Airlines,12,smartlynx-airlines
SmartWings,92,smartwings
Sol Líneas Aéreas,1,sol-lineas-aereas
Solomon Airlines,9,solomon-airlines
Somon Air,3,somon-air
South African Airways,437,south-african-airways
Southwest Airlines,1701,southwest-airlines
SpiceJet,553,spicejet
Spirit Airlines,4781,spirit-airlines
Spring Airlines,63,spring
SriLankan Airlines,591,srilankan-airlines
Sriwijaya Air,55,sriwijaya-air
Star Peru,20,star-per
StarFlyer,5,starflyer
Sudan Airways,1,sudan-airways
Sun Country Airlines,337,sun-country-airlines
Sun-Air,2,sun-air
SunExpress,57,sun-express
Sunwing Airlines,712,sunwing-airlines
Suparna Airlines,1,suparna-airlines
Super Air Jet,7,super-air-jet
Surinam Airways,23,surinam-airways
SVG Air,1,svg-air
Swiss Intl Air Lines,960,swiss-international-air-lines
Swoop,702,swoop
SyrianAir,23,syrianair
T'Way Air,14,tway-air
TAAG Angola Airlines,57,taag-angola-airlines
TACA Airlines,80,taca
TACA Regional,3,taca-regional
TACV Cabo Verde Airlines,27,tacv-cabo
TAG Airlines,13,tag-airlines
Tailwind Airlines,3,tailwind-airlines
TAM Airlines,226,tam-airlines
TAME,37,tame
Tame Línea Aérea Del Ecuador,12,tame-linea-aerea-del-ecuador
TAP Portugal,1376,tap-portugal
TAR Aerolineas,9,tar-aerolineas
TAROM Romanian,171,tarom-romanian-airlines
Thai AirAsia,91,thai-airasia
Thai Airways,974,thai-airways
Thai Lion Air,150,thai-lion-air
Thai Smile Airways,247,thai-smile-airways
Thomas Cook Airlines,642,thomas-cook-airlines
Thomas Cook Airlines Belgium,5,thomas-cook-belgium-airlines-customer
Thomas Cook Airlines Scandinavia,9,thomas-cook-airlines-scandinavia
Thomson Airways,586,thomson-airways
Tianjin Airlines,15,tianjin-airlines
Tibet Airlines,1,tibet-airlines
Tigerair,184,tigerair
Tigerair Australia,506,tigerair-australia
Tigerair Taiwan,7,tigerair-taiwan
Titan Airways,29,titan-airways
Transaero Airlines,55,transaero-airlines
TransAsia Airways,7,transasia-airways
Transavia,234,transavia
Trigana Air,2,trigana-air
Tropic Air Belize,4,tropic-air-belize
TUI Airways,67,tui-airways
TUIfly,64,tuifly
TUIfly Nordic,1,tuifly-nordic
Tunisair,80,tunisair
Turkish Airlines,2286,turkish-airlines
Turkmenistan Airlines,40,turkmenistan-airlines
TUS Airways,2,tus-airways
Uganda Airlines,3,uganda-airlines
Ukraine International,391,ukraine-international-airlines
Ultra Air,3,ultra-air
United Airlines,4477,united-airlines
UP by El Al,4,up-by-el-al
Ural Airlines,19,ural-airlines
US Airways,460,us-airways
US-Bangla Airlines,6,us-bangla-airlines
Utair Aviation,10,utair-aviation
Uzbekistan Airways,69,uzbekistan-airways
V Air,7,v-air
Vanilla Air,13,vanilla-air
ViaAir,11,viaair
VietJet Air,543,vietjetair
Vietnam Airlines,657,vietnam-airlines
Virgin America,311,virgin-america
Virgin Atlantic,820,virgin-atlantic-airways
Virgin Australia,947,virgin-australia
Vistara,208,vistara
Viva Air,70,viva-air
VivaAerobús,117,vivaaerobus
VivaColombia,48,vivacolombia
VLM Airlines,46,vlm-airlines
Volaris,389,volaris
Volotea,261,volotea
Voyage Air,1,voyage-air
Vueling Airlines,1167,vueling-airlines
Wamos Air,15,wamos-air
WestJet Airlines,938,westjet
Wideroe,22,wideroe
Winair,6,winair
Wingo,20,wingo
Wings Air,20,wings-air
Wizz Air,1254,wizz-air
World2Fly,3,world2fly
WOW air,579,wow-air
Xiamen Airlines,119,xiamen-airlines
XL Airways France,78,xl-airways-france
Yakutia Airlines,4,yakutia-airlines
Yangon Airways,4,yangon-airways
Yemenia,24,yemenia
Yeti Airlines,5,yeti-airlines
Zambia Airways,1,zambia-airways
ZIPAIR,32,zipair
